model,split,n,log_intensity_mae,log_intensity_r2,composition_mae,uniform_composition_mae,beats_uniform_composition,income_share_mae
gpflow_svgp,region_group_holdout,129,0.11940949366478874,0.028091278450490864,0.006013828756018595,0.047897742689173975,True,0.010818925071984785
gpflow_svgp,target_profile_group_holdout,112,0.06095906110473097,0.7042008943788125,0.004964629562488775,0.04831888941711255,True,0.0068587553297198185
lmc_gpflow_L3,region_group_holdout,129,0.11600975953120303,0.09488090146764305,0.006376076992211775,0.047897742689173975,True,0.010865442217824168
lmc_gpflow_L3,target_profile_group_holdout,112,0.06962515259545073,0.633228126676779,0.00530595809541981,0.04831888941711255,True,0.007443661476046843
